month,season,bookings
2015-07-01,Autumn,0
2015-07-01,Spring,0
2015-07-01,Summer,122
2015-07-01,Winter,0
2015-07-02,Autumn,0
2015-07-02,Spring,0
2015-07-02,Summer,93
2015-07-02,Winter,0
2015-07-03,Autumn,0
2015-07-03,Spring,0
2015-07-03,Summer,56
2015-07-03,Winter,0
2015-07-04,Autumn,0
2015-07-04,Spring,0
2015-07-04,Summer,88
2015-07-04,Winter,0
2015-07-05,Autumn,0
2015-07-05,Spring,0
2015-07-05,Summer,53
2015-07-05,Winter,0
2015-07-06,Autumn,0
2015-07-06,Spring,0
2015-07-06,Summer,75
2015-07-06,Winter,0
2015-07-07,Autumn,0
2015-07-07,Spring,0
2015-07-07,Summer,54
2015-07-07,Winter,0
2015-07-08,Autumn,0
2015-07-08,Spring,0
2015-07-08,Summer,69
2015-07-08,Winter,0
2015-07-09,Autumn,0
2015-07-09,Spring,0
2015-07-09,Summer,80
2015-07-09,Winter,0
2015-07-10,Autumn,0
2015-07-10,Spring,0
2015-07-10,Summer,51
2015-07-10,Winter,0
2015-07-11,Autumn,0
2015-07-11,Spring,0
2015-07-11,Summer,103
2015-07-11,Winter,0
2015-07-12,Autumn,0
2015-07-12,Spring,0
2015-07-12,Summer,63
2015-07-12,Winter,0
2015-07-13,Autumn,0
2015-07-13,Spring,0
2015-07-13,Summer,84
2015-07-13,Winter,0
2015-07-14,Autumn,0
2015-07-14,Spring,0
2015-07-14,Summer,35
2015-07-14,Winter,0
2015-07-15,Autumn,0
2015-07-15,Spring,0
2015-07-15,Summer,102
2015-07-15,Winter,0
2015-07-16,Autumn,0
2015-07-16,Spring,0
2015-07-16,Summer,103
2015-07-16,Winter,0
2015-07-17,Autumn,0
2015-07-17,Spring,0
2015-07-17,Summer,151
2015-07-17,Winter,0
2015-07-18,Autumn,0
2015-07-18,Spring,0
2015-07-18,Summer,155
2015-07-18,Winter,0
2015-07-19,Autumn,0
2015-07-19,Spring,0
2015-07-19,Summer,54
2015-07-19,Winter,0
2015-07-20,Autumn,0
2015-07-20,Spring,0
2015-07-20,Summer,125
2015-07-20,Winter,0
2015-07-21,Autumn,0
2015-07-21,Spring,0
2015-07-21,Summer,71
2015-07-21,Winter,0
2015-07-22,Autumn,0
2015-07-22,Spring,0
2015-07-22,Summer,127
2015-07-22,Winter,0
2015-07-23,Autumn,0
2015-07-23,Spring,0
2015-07-23,Summer,125
2015-07-23,Winter,0
2015-07-24,Autumn,0
2015-07-24,Spring,0
2015-07-24,Summer,64
2015-07-24,Winter,0
2015-07-25,Autumn,0
2015-07-25,Spring,0
2015-07-25,Summer,204
2015-07-25,Winter,0
2015-07-26,Autumn,0
2015-07-26,Spring,0
2015-07-26,Summer,47
2015-07-26,Winter,0
2015-07-27,Autumn,0
2015-07-27,Spring,0
2015-07-27,Summer,170
2015-07-27,Winter,0
2015-07-28,Autumn,0
2015-07-28,Spring,0
2015-07-28,Summer,34
2015-07-28,Winter,0
2015-07-29,Autumn,0
2015-07-29,Spring,0
2015-07-29,Summer,50
2015-07-29,Winter,0
2015-07-30,Autumn,0
2015-07-30,Spring,0
2015-07-30,Summer,99
2015-07-30,Winter,0
2015-07-31,Autumn,0
2015-07-31,Spring,0
2015-07-31,Summer,69
2015-07-31,Winter,0
2015-08-01,Autumn,0
2015-08-01,Spring,0
2015-08-01,Summer,110
2015-08-01,Winter,0
2015-08-02,Autumn,0
2015-08-02,Spring,0
2015-08-02,Summer,50
2015-08-02,Winter,0
2015-08-03,Autumn,0
2015-08-03,Spring,0
2015-08-03,Summer,183
2015-08-03,Winter,0
2015-08-04,Autumn,0
2015-08-04,Spring,0
2015-08-04,Summer,51
2015-08-04,Winter,0
2015-08-05,Autumn,0
2015-08-05,Spring,0
2015-08-05,Summer,154
2015-08-05,Winter,0
2015-08-06,Autumn,0
2015-08-06,Spring,0
2015-08-06,Summer,75
2015-08-06,Winter,0
2015-08-07,Autumn,0
2015-08-07,Spring,0
2015-08-07,Summer,133
2015-08-07,Winter,0
2015-08-08,Autumn,0
2015-08-08,Spring,0
2015-08-08,Summer,206
2015-08-08,Winter,0
2015-08-09,Autumn,0
2015-08-09,Spring,0
2015-08-09,Summer,85
2015-08-09,Winter,0
2015-08-10,Autumn,0
2015-08-10,Spring,0
2015-08-10,Summer,207
2015-08-10,Winter,0
2015-08-11,Autumn,0
2015-08-11,Spring,0
2015-08-11,Summer,117
2015-08-11,Winter,0
2015-08-12,Autumn,0
2015-08-12,Spring,0
2015-08-12,Summer,133
2015-08-12,Winter,0
2015-08-13,Autumn,0
2015-08-13,Spring,0
2015-08-13,Summer,107
2015-08-13,Winter,0
2015-08-14,Autumn,0
2015-08-14,Spring,0
2015-08-14,Summer,329
2015-08-14,Winter,0
2015-08-15,Autumn,0
2015-08-15,Spring,0
2015-08-15,Summer,190
2015-08-15,Winter,0
2015-08-16,Autumn,0
2015-08-16,Spring,0
2015-08-16,Summer,98
2015-08-16,Winter,0
2015-08-17,Autumn,0
2015-08-17,Spring,0
2015-08-17,Summer,188
2015-08-17,Winter,0
2015-08-18,Autumn,0
2015-08-18,Spring,0
2015-08-18,Summer,94
2015-08-18,Winter,0
2015-08-19,Autumn,0
2015-08-19,Spring,0
2015-08-19,Summer,66
2015-08-19,Winter,0
2015-08-20,Autumn,0
2015-08-20,Spring,0
2015-08-20,Summer,110
2015-08-20,Winter,0
2015-08-21,Autumn,0
2015-08-21,Spring,0
2015-08-21,Summer,75
2015-08-21,Winter,0
2015-08-22,Autumn,0
2015-08-22,Spring,0
2015-08-22,Summer,139
2015-08-22,Winter,0
2015-08-23,Autumn,0
2015-08-23,Spring,0
2015-08-23,Summer,79
2015-08-23,Winter,0
2015-08-24,Autumn,0
2015-08-24,Spring,0
2015-08-24,Summer,153
2015-08-24,Winter,0
2015-08-25,Autumn,0
2015-08-25,Spring,0
2015-08-25,Summer,126
2015-08-25,Winter,0
2015-08-26,Autumn,0
2015-08-26,Spring,0
2015-08-26,Summer,122
2015-08-26,Winter,0
2015-08-27,Autumn,0
2015-08-27,Spring,0
2015-08-27,Summer,100
2015-08-27,Winter,0
2015-08-28,Autumn,0
2015-08-28,Spring,0
2015-08-28,Summer,84
2015-08-28,Winter,0
2015-08-29,Autumn,0
2015-08-29,Spring,0
2015-08-29,Summer,109
2015-08-29,Winter,0
2015-08-30,Autumn,0
2015-08-30,Spring,0
2015-08-30,Summer,101
2015-08-30,Winter,0
2015-08-31,Autumn,0
2015-08-31,Spring,0
2015-08-31,Summer,115
2015-08-31,Winter,0
2015-09-01,Autumn,100
2015-09-01,Spring,0
2015-09-01,Summer,0
2015-09-01,Winter,0
2015-09-02,Autumn,128
2015-09-02,Spring,0
2015-09-02,Summer,0
2015-09-02,Winter,0
2015-09-03,Autumn,155
2015-09-03,Spring,0
2015-09-03,Summer,0
2015-09-03,Winter,0
2015-09-04,Autumn,192
2015-09-04,Spring,0
2015-09-04,Summer,0
2015-09-04,Winter,0
2015-09-05,Autumn,240
2015-09-05,Spring,0
2015-09-05,Summer,0
2015-09-05,Winter,0
2015-09-06,Autumn,152
2015-09-06,Spring,0
2015-09-06,Summer,0
2015-09-06,Winter,0
2015-09-07,Autumn,133
2015-09-07,Spring,0
2015-09-07,Summer,0
2015-09-07,Winter,0
2015-09-08,Autumn,104
2015-09-08,Spring,0
2015-09-08,Summer,0
2015-09-08,Winter,0
2015-09-09,Autumn,201
2015-09-09,Spring,0
2015-09-09,Summer,0
2015-09-09,Winter,0
2015-09-10,Autumn,139
2015-09-10,Spring,0
2015-09-10,Summer,0
2015-09-10,Winter,0
2015-09-11,Autumn,212
2015-09-11,Spring,0
2015-09-11,Summer,0
2015-09-11,Winter,0
2015-09-12,Autumn,191
2015-09-12,Spring,0
2015-09-12,Summer,0
2015-09-12,Winter,0
2015-09-13,Autumn,65
2015-09-13,Spring,0
2015-09-13,Summer,0
2015-09-13,Winter,0
2015-09-14,Autumn,149
2015-09-14,Spring,0
2015-09-14,Summer,0
2015-09-14,Winter,0
2015-09-15,Autumn,121
2015-09-15,Spring,0
2015-09-15,Summer,0
2015-09-15,Winter,0
2015-09-16,Autumn,170
2015-09-16,Spring,0
2015-09-16,Summer,0
2015-09-16,Winter,0
2015-09-17,Autumn,331
2015-09-17,Spring,0
2015-09-17,Summer,0
2015-09-17,Winter,0
2015-09-18,Autumn,340
2015-09-18,Spring,0
2015-09-18,Summer,0
2015-09-18,Winter,0
2015-09-19,Autumn,195
2015-09-19,Spring,0
2015-09-19,Summer,0
2015-09-19,Winter,0
2015-09-20,Autumn,129
2015-09-20,Spring,0
2015-09-20,Summer,0
2015-09-20,Winter,0
2015-09-21,Autumn,226
2015-09-21,Spring,0
2015-09-21,Summer,0
2015-09-21,Winter,0
2015-09-22,Autumn,101
2015-09-22,Spring,0
2015-09-22,Summer,0
2015-09-22,Winter,0
2015-09-23,Autumn,159
2015-09-23,Spring,0
2015-09-23,Summer,0
2015-09-23,Winter,0
2015-09-24,Autumn,216
2015-09-24,Spring,0
2015-09-24,Summer,0
2015-09-24,Winter,0
2015-09-25,Autumn,275
2015-09-25,Spring,0
2015-09-25,Summer,0
2015-09-25,Winter,0
2015-09-26,Autumn,198
2015-09-26,Spring,0
2015-09-26,Summer,0
2015-09-26,Winter,0
2015-09-27,Autumn,69
2015-09-27,Spring,0
2015-09-27,Summer,0
2015-09-27,Winter,0
2015-09-28,Autumn,107
2015-09-28,Spring,0
2015-09-28,Summer,0
2015-09-28,Winter,0
2015-09-29,Autumn,111
2015-09-29,Spring,0
2015-09-29,Summer,0
2015-09-29,Winter,0
2015-09-30,Autumn,205
2015-09-30,Spring,0
2015-09-30,Summer,0
2015-09-30,Winter,0
2015-10-01,Autumn,121
2015-10-01,Spring,0
2015-10-01,Summer,0
2015-10-01,Winter,0
2015-10-02,Autumn,204
2015-10-02,Spring,0
2015-10-02,Summer,0
2015-10-02,Winter,0
2015-10-03,Autumn,211
2015-10-03,Spring,0
2015-10-03,Summer,0
2015-10-03,Winter,0
2015-10-04,Autumn,185
2015-10-04,Spring,0
2015-10-04,Summer,0
2015-10-04,Winter,0
2015-10-05,Autumn,223
2015-10-05,Spring,0
2015-10-05,Summer,0
2015-10-05,Winter,0
2015-10-06,Autumn,179
2015-10-06,Spring,0
2015-10-06,Summer,0
2015-10-06,Winter,0
2015-10-07,Autumn,190
2015-10-07,Spring,0
2015-10-07,Summer,0
2015-10-07,Winter,0
2015-10-08,Autumn,164
2015-10-08,Spring,0
2015-10-08,Summer,0
2015-10-08,Winter,0
2015-10-09,Autumn,210
2015-10-09,Spring,0
2015-10-09,Summer,0
2015-10-09,Winter,0
2015-10-10,Autumn,250
2015-10-10,Spring,0
2015-10-10,Summer,0
2015-10-10,Winter,0
2015-10-11,Autumn,102
2015-10-11,Spring,0
2015-10-11,Summer,0
2015-10-11,Winter,0
2015-10-12,Autumn,208
2015-10-12,Spring,0
2015-10-12,Summer,0
2015-10-12,Winter,0
2015-10-13,Autumn,98
2015-10-13,Spring,0
2015-10-13,Summer,0
2015-10-13,Winter,0
2015-10-14,Autumn,73
2015-10-14,Spring,0
2015-10-14,Summer,0
2015-10-14,Winter,0
2015-10-15,Autumn,255
2015-10-15,Spring,0
2015-10-15,Summer,0
2015-10-15,Winter,0
2015-10-16,Autumn,356
2015-10-16,Spring,0
2015-10-16,Summer,0
2015-10-16,Winter,0
2015-10-17,Autumn,130
2015-10-17,Spring,0
2015-10-17,Summer,0
2015-10-17,Winter,0
2015-10-18,Autumn,116
2015-10-18,Spring,0
2015-10-18,Summer,0
2015-10-18,Winter,0
2015-10-19,Autumn,229
2015-10-19,Spring,0
2015-10-19,Summer,0
2015-10-19,Winter,0
2015-10-20,Autumn,109
2015-10-20,Spring,0
2015-10-20,Summer,0
2015-10-20,Winter,0
2015-10-21,Autumn,131
2015-10-21,Spring,0
2015-10-21,Summer,0
2015-10-21,Winter,0
2015-10-22,Autumn,88
2015-10-22,Spring,0
2015-10-22,Summer,0
2015-10-22,Winter,0
2015-10-23,Autumn,99
2015-10-23,Spring,0
2015-10-23,Summer,0
2015-10-23,Winter,0
2015-10-24,Autumn,160
2015-10-24,Spring,0
2015-10-24,Summer,0
2015-10-24,Winter,0
2015-10-25,Autumn,148
2015-10-25,Spring,0
2015-10-25,Summer,0
2015-10-25,Winter,0
2015-10-26,Autumn,97
2015-10-26,Spring,0
2015-10-26,Summer,0
2015-10-26,Winter,0
2015-10-27,Autumn,53
2015-10-27,Spring,0
2015-10-27,Summer,0
2015-10-27,Winter,0
2015-10-28,Autumn,141
2015-10-28,Spring,0
2015-10-28,Summer,0
2015-10-28,Winter,0
2015-10-29,Autumn,130
2015-10-29,Spring,0
2015-10-29,Summer,0
2015-10-29,Winter,0
2015-10-30,Autumn,106
2015-10-30,Spring,0
2015-10-30,Summer,0
2015-10-30,Winter,0
2015-10-31,Autumn,191
2015-10-31,Spring,0
2015-10-31,Summer,0
2015-10-31,Winter,0
2015-11-01,Autumn,57
2015-11-01,Spring,0
2015-11-01,Summer,0
2015-11-01,Winter,0
2015-11-02,Autumn,77
2015-11-02,Spring,0
2015-11-02,Summer,0
2015-11-02,Winter,0
2015-11-03,Autumn,70
2015-11-03,Spring,0
2015-11-03,Summer,0
2015-11-03,Winter,0
2015-11-04,Autumn,69
2015-11-04,Spring,0
2015-11-04,Summer,0
2015-11-04,Winter,0
2015-11-05,Autumn,60
2015-11-05,Spring,0
2015-11-05,Summer,0
2015-11-05,Winter,0
2015-11-06,Autumn,101
2015-11-06,Spring,0
2015-11-06,Summer,0
2015-11-06,Winter,0
2015-11-07,Autumn,111
2015-11-07,Spring,0
2015-11-07,Summer,0
2015-11-07,Winter,0
2015-11-08,Autumn,54
2015-11-08,Spring,0
2015-11-08,Summer,0
2015-11-08,Winter,0
2015-11-09,Autumn,82
2015-11-09,Spring,0
2015-11-09,Summer,0
2015-11-09,Winter,0
2015-11-10,Autumn,50
2015-11-10,Spring,0
2015-11-10,Summer,0
2015-11-10,Winter,0
2015-11-11,Autumn,72
2015-11-11,Spring,0
2015-11-11,Summer,0
2015-11-11,Winter,0
2015-11-12,Autumn,65
2015-11-12,Spring,0
2015-11-12,Summer,0
2015-11-12,Winter,0
2015-11-13,Autumn,59
2015-11-13,Spring,0
2015-11-13,Summer,0
2015-11-13,Winter,0
2015-11-14,Autumn,39
2015-11-14,Spring,0
2015-11-14,Summer,0
2015-11-14,Winter,0
2015-11-15,Autumn,28
2015-11-15,Spring,0
2015-11-15,Summer,0
2015-11-15,Winter,0
2015-11-16,Autumn,74
2015-11-16,Spring,0
2015-11-16,Summer,0
2015-11-16,Winter,0
2015-11-17,Autumn,81
2015-11-17,Spring,0
2015-11-17,Summer,0
2015-11-17,Winter,0
2015-11-18,Autumn,173
2015-11-18,Spring,0
2015-11-18,Summer,0
2015-11-18,Winter,0
2015-11-19,Autumn,55
2015-11-19,Spring,0
2015-11-19,Summer,0
2015-11-19,Winter,0
2015-11-20,Autumn,187
2015-11-20,Spring,0
2015-11-20,Summer,0
2015-11-20,Winter,0
2015-11-21,Autumn,86
2015-11-21,Spring,0
2015-11-21,Summer,0
2015-11-21,Winter,0
2015-11-22,Autumn,38
2015-11-22,Spring,0
2015-11-22,Summer,0
2015-11-22,Winter,0
2015-11-23,Autumn,211
2015-11-23,Spring,0
2015-11-23,Summer,0
2015-11-23,Winter,0
2015-11-24,Autumn,69
2015-11-24,Spring,0
2015-11-24,Summer,0
2015-11-24,Winter,0
2015-11-25,Autumn,47
2015-11-25,Spring,0
2015-11-25,Summer,0
2015-11-25,Winter,0
2015-11-26,Autumn,56
2015-11-26,Spring,0
2015-11-26,Summer,0
2015-11-26,Winter,0
2015-11-27,Autumn,132
2015-11-27,Spring,0
2015-11-27,Summer,0
2015-11-27,Winter,0
2015-11-28,Autumn,61
2015-11-28,Spring,0
2015-11-28,Summer,0
2015-11-28,Winter,0
2015-11-29,Autumn,20
2015-11-29,Spring,0
2015-11-29,Summer,0
2015-11-29,Winter,0
2015-11-30,Autumn,56
2015-11-30,Spring,0
2015-11-30,Summer,0
2015-11-30,Winter,0
2015-12-01,Autumn,0
2015-12-01,Spring,0
2015-12-01,Summer,0
2015-12-01,Winter,57
2015-12-02,Autumn,0
2015-12-02,Spring,0
2015-12-02,Summer,0
2015-12-02,Winter,58
2015-12-03,Autumn,0
2015-12-03,Spring,0
2015-12-03,Summer,0
2015-12-03,Winter,83
2015-12-04,Autumn,0
2015-12-04,Spring,0
2015-12-04,Summer,0
2015-12-04,Winter,123
2015-12-05,Autumn,0
2015-12-05,Spring,0
2015-12-05,Summer,0
2015-12-05,Winter,448
2015-12-06,Autumn,0
2015-12-06,Spring,0
2015-12-06,Summer,0
2015-12-06,Winter,63
2015-12-07,Autumn,0
2015-12-07,Spring,0
2015-12-07,Summer,0
2015-12-07,Winter,27
2015-12-08,Autumn,0
2015-12-08,Spring,0
2015-12-08,Summer,0
2015-12-08,Winter,191
2015-12-09,Autumn,0
2015-12-09,Spring,0
2015-12-09,Summer,0
2015-12-09,Winter,152
2015-12-10,Autumn,0
2015-12-10,Spring,0
2015-12-10,Summer,0
2015-12-10,Winter,81
2015-12-11,Autumn,0
2015-12-11,Spring,0
2015-12-11,Summer,0
2015-12-11,Winter,50
2015-12-12,Autumn,0
2015-12-12,Spring,0
2015-12-12,Summer,0
2015-12-12,Winter,43
2015-12-13,Autumn,0
2015-12-13,Spring,0
2015-12-13,Summer,0
2015-12-13,Winter,19
2015-12-14,Autumn,0
2015-12-14,Spring,0
2015-12-14,Summer,0
2015-12-14,Winter,39
2015-12-15,Autumn,0
2015-12-15,Spring,0
2015-12-15,Summer,0
2015-12-15,Winter,29
2015-12-16,Autumn,0
2015-12-16,Spring,0
2015-12-16,Summer,0
2015-12-16,Winter,43
2015-12-17,Autumn,0
2015-12-17,Spring,0
2015-12-17,Summer,0
2015-12-17,Winter,49
2015-12-18,Autumn,0
2015-12-18,Spring,0
2015-12-18,Summer,0
2015-12-18,Winter,47
2015-12-19,Autumn,0
2015-12-19,Spring,0
2015-12-19,Summer,0
2015-12-19,Winter,89
2015-12-20,Autumn,0
2015-12-20,Spring,0
2015-12-20,Summer,0
2015-12-20,Winter,38
2015-12-21,Autumn,0
2015-12-21,Spring,0
2015-12-21,Summer,0
2015-12-21,Winter,47
2015-12-22,Autumn,0
2015-12-22,Spring,0
2015-12-22,Summer,0
2015-12-22,Winter,72
2015-12-23,Autumn,0
2015-12-23,Spring,0
2015-12-23,Summer,0
2015-12-23,Winter,63
2015-12-24,Autumn,0
2015-12-24,Spring,0
2015-12-24,Summer,0
2015-12-24,Winter,90
2015-12-25,Autumn,0
2015-12-25,Spring,0
2015-12-25,Summer,0
2015-12-25,Winter,68
2015-12-26,Autumn,0
2015-12-26,Spring,0
2015-12-26,Summer,0
2015-12-26,Winter,112
2015-12-27,Autumn,0
2015-12-27,Spring,0
2015-12-27,Summer,0
2015-12-27,Winter,123
2015-12-28,Autumn,0
2015-12-28,Spring,0
2015-12-28,Summer,0
2015-12-28,Winter,100
2015-12-29,Autumn,0
2015-12-29,Spring,0
2015-12-29,Summer,0
2015-12-29,Winter,155
2015-12-30,Autumn,0
2015-12-30,Spring,0
2015-12-30,Summer,0
2015-12-30,Winter,238
2015-12-31,Autumn,0
2015-12-31,Spring,0
2015-12-31,Summer,0
2015-12-31,Winter,123
2016-01-01,Autumn,0
2016-01-01,Spring,0
2016-01-01,Summer,0
2016-01-01,Winter,44
2016-01-02,Autumn,0
2016-01-02,Spring,0
2016-01-02,Summer,0
2016-01-02,Winter,183
2016-01-03,Autumn,0
2016-01-03,Spring,0
2016-01-03,Summer,0
2016-01-03,Winter,62
2016-01-04,Autumn,0
2016-01-04,Spring,0
2016-01-04,Summer,0
2016-01-04,Winter,77
2016-01-05,Autumn,0
2016-01-05,Spring,0
2016-01-05,Summer,0
2016-01-05,Winter,47
2016-01-06,Autumn,0
2016-01-06,Spring,0
2016-01-06,Summer,0
2016-01-06,Winter,49
2016-01-07,Autumn,0
2016-01-07,Spring,0
2016-01-07,Summer,0
2016-01-07,Winter,49
2016-01-08,Autumn,0
2016-01-08,Spring,0
2016-01-08,Summer,0
2016-01-08,Winter,59
2016-01-09,Autumn,0
2016-01-09,Spring,0
2016-01-09,Summer,0
2016-01-09,Winter,54
2016-01-10,Autumn,0
2016-01-10,Spring,0
2016-01-10,Summer,0
2016-01-10,Winter,46
2016-01-11,Autumn,0
2016-01-11,Spring,0
2016-01-11,Summer,0
2016-01-11,Winter,40
2016-01-12,Autumn,0
2016-01-12,Spring,0
2016-01-12,Summer,0
2016-01-12,Winter,69
2016-01-13,Autumn,0
2016-01-13,Spring,0
2016-01-13,Summer,0
2016-01-13,Winter,48
2016-01-14,Autumn,0
2016-01-14,Spring,0
2016-01-14,Summer,0
2016-01-14,Winter,96
2016-01-15,Autumn,0
2016-01-15,Spring,0
2016-01-15,Summer,0
2016-01-15,Winter,83
2016-01-16,Autumn,0
2016-01-16,Spring,0
2016-01-16,Summer,0
2016-01-16,Winter,67
2016-01-17,Autumn,0
2016-01-17,Spring,0
2016-01-17,Summer,0
2016-01-17,Winter,37
2016-01-18,Autumn,0
2016-01-18,Spring,0
2016-01-18,Summer,0
2016-01-18,Winter,60
2016-01-19,Autumn,0
2016-01-19,Spring,0
2016-01-19,Summer,0
2016-01-19,Winter,147
2016-01-20,Autumn,0
2016-01-20,Spring,0
2016-01-20,Summer,0
2016-01-20,Winter,64
2016-01-21,Autumn,0
2016-01-21,Spring,0
2016-01-21,Summer,0
2016-01-21,Winter,61
2016-01-22,Autumn,0
2016-01-22,Spring,0
2016-01-22,Summer,0
2016-01-22,Winter,134
2016-01-23,Autumn,0
2016-01-23,Spring,0
2016-01-23,Summer,0
2016-01-23,Winter,70
2016-01-24,Autumn,0
2016-01-24,Spring,0
2016-01-24,Summer,0
2016-01-24,Winter,36
2016-01-25,Autumn,0
2016-01-25,Spring,0
2016-01-25,Summer,0
2016-01-25,Winter,79
2016-01-26,Autumn,0
2016-01-26,Spring,0
2016-01-26,Summer,0
2016-01-26,Winter,69
2016-01-27,Autumn,0
2016-01-27,Spring,0
2016-01-27,Summer,0
2016-01-27,Winter,155
2016-01-28,Autumn,0
2016-01-28,Spring,0
2016-01-28,Summer,0
2016-01-28,Winter,86
2016-01-29,Autumn,0
2016-01-29,Spring,0
2016-01-29,Summer,0
2016-01-29,Winter,86
2016-01-30,Autumn,0
2016-01-30,Spring,0
2016-01-30,Summer,0
2016-01-30,Winter,58
2016-01-31,Autumn,0
2016-01-31,Spring,0
2016-01-31,Summer,0
2016-01-31,Winter,33
2016-02-01,Autumn,0
2016-02-01,Spring,0
2016-02-01,Summer,0
2016-02-01,Winter,62
2016-02-02,Autumn,0
2016-02-02,Spring,0
2016-02-02,Summer,0
2016-02-02,Winter,67
2016-02-03,Autumn,0
2016-02-03,Spring,0
2016-02-03,Summer,0
2016-02-03,Winter,84
2016-02-04,Autumn,0
2016-02-04,Spring,0
2016-02-04,Summer,0
2016-02-04,Winter,105
2016-02-05,Autumn,0
2016-02-05,Spring,0
2016-02-05,Summer,0
2016-02-05,Winter,126
2016-02-06,Autumn,0
2016-02-06,Spring,0
2016-02-06,Summer,0
2016-02-06,Winter,219
2016-02-07,Autumn,0
2016-02-07,Spring,0
2016-02-07,Summer,0
2016-02-07,Winter,129
2016-02-08,Autumn,0
2016-02-08,Spring,0
2016-02-08,Summer,0
2016-02-08,Winter,86
2016-02-09,Autumn,0
2016-02-09,Spring,0
2016-02-09,Summer,0
2016-02-09,Winter,75
2016-02-10,Autumn,0
2016-02-10,Spring,0
2016-02-10,Summer,0
2016-02-10,Winter,79
2016-02-11,Autumn,0
2016-02-11,Spring,0
2016-02-11,Summer,0
2016-02-11,Winter,104
2016-02-12,Autumn,0
2016-02-12,Spring,0
2016-02-12,Summer,0
2016-02-12,Winter,293
2016-02-13,Autumn,0
2016-02-13,Spring,0
2016-02-13,Summer,0
2016-02-13,Winter,183
2016-02-14,Autumn,0
2016-02-14,Spring,0
2016-02-14,Summer,0
2016-02-14,Winter,104
2016-02-15,Autumn,0
2016-02-15,Spring,0
2016-02-15,Summer,0
2016-02-15,Winter,88
2016-02-16,Autumn,0
2016-02-16,Spring,0
2016-02-16,Summer,0
2016-02-16,Winter,78
2016-02-17,Autumn,0
2016-02-17,Spring,0
2016-02-17,Summer,0
2016-02-17,Winter,286
2016-02-18,Autumn,0
2016-02-18,Spring,0
2016-02-18,Summer,0
2016-02-18,Winter,83
2016-02-19,Autumn,0
2016-02-19,Spring,0
2016-02-19,Summer,0
2016-02-19,Winter,247
2016-02-20,Autumn,0
2016-02-20,Spring,0
2016-02-20,Summer,0
2016-02-20,Winter,107
2016-02-21,Autumn,0
2016-02-21,Spring,0
2016-02-21,Summer,0
2016-02-21,Winter,106
2016-02-22,Autumn,0
2016-02-22,Spring,0
2016-02-22,Summer,0
2016-02-22,Winter,108
2016-02-23,Autumn,0
2016-02-23,Spring,0
2016-02-23,Summer,0
2016-02-23,Winter,68
2016-02-24,Autumn,0
2016-02-24,Spring,0
2016-02-24,Summer,0
2016-02-24,Winter,104
2016-02-25,Autumn,0
2016-02-25,Spring,0
2016-02-25,Summer,0
2016-02-25,Winter,154
2016-02-26,Autumn,0
2016-02-26,Spring,0
2016-02-26,Summer,0
2016-02-26,Winter,245
2016-02-27,Autumn,0
2016-02-27,Spring,0
2016-02-27,Summer,0
2016-02-27,Winter,211
2016-02-28,Autumn,0
2016-02-28,Spring,0
2016-02-28,Summer,0
2016-02-28,Winter,194
2016-02-29,Autumn,0
2016-02-29,Spring,0
2016-02-29,Summer,0
2016-02-29,Winter,96
2016-03-01,Autumn,0
2016-03-01,Spring,123
2016-03-01,Summer,0
2016-03-01,Winter,0
2016-03-02,Autumn,0
2016-03-02,Spring,160
2016-03-02,Summer,0
2016-03-02,Winter,0
2016-03-03,Autumn,0
2016-03-03,Spring,109
2016-03-03,Summer,0
2016-03-03,Winter,0
2016-03-04,Autumn,0
2016-03-04,Spring,214
2016-03-04,Summer,0
2016-03-04,Winter,0
2016-03-05,Autumn,0
2016-03-05,Spring,131
2016-03-05,Summer,0
2016-03-05,Winter,0
2016-03-06,Autumn,0
2016-03-06,Spring,67
2016-03-06,Summer,0
2016-03-06,Winter,0
2016-03-07,Autumn,0
2016-03-07,Spring,149
2016-03-07,Summer,0
2016-03-07,Winter,0
2016-03-08,Autumn,0
2016-03-08,Spring,118
2016-03-08,Summer,0
2016-03-08,Winter,0
2016-03-09,Autumn,0
2016-03-09,Spring,143
2016-03-09,Summer,0
2016-03-09,Winter,0
2016-03-10,Autumn,0
2016-03-10,Spring,108
2016-03-10,Summer,0
2016-03-10,Winter,0
2016-03-11,Autumn,0
2016-03-11,Spring,183
2016-03-11,Summer,0
2016-03-11,Winter,0
2016-03-12,Autumn,0
2016-03-12,Spring,131
2016-03-12,Summer,0
2016-03-12,Winter,0
2016-03-13,Autumn,0
2016-03-13,Spring,103
2016-03-13,Summer,0
2016-03-13,Winter,0
2016-03-14,Autumn,0
2016-03-14,Spring,117
2016-03-14,Summer,0
2016-03-14,Winter,0
2016-03-15,Autumn,0
2016-03-15,Spring,112
2016-03-15,Summer,0
2016-03-15,Winter,0
2016-03-16,Autumn,0
2016-03-16,Spring,118
2016-03-16,Summer,0
2016-03-16,Winter,0
2016-03-17,Autumn,0
2016-03-17,Spring,188
2016-03-17,Summer,0
2016-03-17,Winter,0
2016-03-18,Autumn,0
2016-03-18,Spring,199
2016-03-18,Summer,0
2016-03-18,Winter,0
2016-03-19,Autumn,0
2016-03-19,Spring,213
2016-03-19,Summer,0
2016-03-19,Winter,0
2016-03-20,Autumn,0
2016-03-20,Spring,244
2016-03-20,Summer,0
2016-03-20,Winter,0
2016-03-21,Autumn,0
2016-03-21,Spring,183
2016-03-21,Summer,0
2016-03-21,Winter,0
2016-03-22,Autumn,0
2016-03-22,Spring,157
2016-03-22,Summer,0
2016-03-22,Winter,0
2016-03-23,Autumn,0
2016-03-23,Spring,128
2016-03-23,Summer,0
2016-03-23,Winter,0
2016-03-24,Autumn,0
2016-03-24,Spring,295
2016-03-24,Summer,0
2016-03-24,Winter,0
2016-03-25,Autumn,0
2016-03-25,Spring,227
2016-03-25,Summer,0
2016-03-25,Winter,0
2016-03-26,Autumn,0
2016-03-26,Spring,107
2016-03-26,Summer,0
2016-03-26,Winter,0
2016-03-27,Autumn,0
2016-03-27,Spring,105
2016-03-27,Summer,0
2016-03-27,Winter,0
2016-03-28,Autumn,0
2016-03-28,Spring,169
2016-03-28,Summer,0
2016-03-28,Winter,0
2016-03-29,Autumn,0
2016-03-29,Spring,119
2016-03-29,Summer,0
2016-03-29,Winter,0
2016-03-30,Autumn,0
2016-03-30,Spring,166
2016-03-30,Summer,0
2016-03-30,Winter,0
2016-03-31,Autumn,0
2016-03-31,Spring,238
2016-03-31,Summer,0
2016-03-31,Winter,0
2016-04-01,Autumn,0
2016-04-01,Spring,104
2016-04-01,Summer,0
2016-04-01,Winter,0
2016-04-02,Autumn,0
2016-04-02,Spring,102
2016-04-02,Summer,0
2016-04-02,Winter,0
2016-04-03,Autumn,0
2016-04-03,Spring,100
2016-04-03,Summer,0
2016-04-03,Winter,0
2016-04-04,Autumn,0
2016-04-04,Spring,211
2016-04-04,Summer,0
2016-04-04,Winter,0
2016-04-05,Autumn,0
2016-04-05,Spring,115
2016-04-05,Summer,0
2016-04-05,Winter,0
2016-04-06,Autumn,0
2016-04-06,Spring,237
2016-04-06,Summer,0
2016-04-06,Winter,0
2016-04-07,Autumn,0
2016-04-07,Spring,196
2016-04-07,Summer,0
2016-04-07,Winter,0
2016-04-08,Autumn,0
2016-04-08,Spring,182
2016-04-08,Summer,0
2016-04-08,Winter,0
2016-04-09,Autumn,0
2016-04-09,Spring,229
2016-04-09,Summer,0
2016-04-09,Winter,0
2016-04-10,Autumn,0
2016-04-10,Spring,126
2016-04-10,Summer,0
2016-04-10,Winter,0
2016-04-11,Autumn,0
2016-04-11,Spring,188
2016-04-11,Summer,0
2016-04-11,Winter,0
2016-04-12,Autumn,0
2016-04-12,Spring,158
2016-04-12,Summer,0
2016-04-12,Winter,0
2016-04-13,Autumn,0
2016-04-13,Spring,177
2016-04-13,Summer,0
2016-04-13,Winter,0
2016-04-14,Autumn,0
2016-04-14,Spring,203
2016-04-14,Summer,0
2016-04-14,Winter,0
2016-04-15,Autumn,0
2016-04-15,Spring,160
2016-04-15,Summer,0
2016-04-15,Winter,0
2016-04-16,Autumn,0
2016-04-16,Spring,164
2016-04-16,Summer,0
2016-04-16,Winter,0
2016-04-17,Autumn,0
2016-04-17,Spring,157
2016-04-17,Summer,0
2016-04-17,Winter,0
2016-04-18,Autumn,0
2016-04-18,Spring,207
2016-04-18,Summer,0
2016-04-18,Winter,0
2016-04-19,Autumn,0
2016-04-19,Spring,171
2016-04-19,Summer,0
2016-04-19,Winter,0
2016-04-20,Autumn,0
2016-04-20,Spring,224
2016-04-20,Summer,0
2016-04-20,Winter,0
2016-04-21,Autumn,0
2016-04-21,Spring,146
2016-04-21,Summer,0
2016-04-21,Winter,0
2016-04-22,Autumn,0
2016-04-22,Spring,263
2016-04-22,Summer,0
2016-04-22,Winter,0
2016-04-23,Autumn,0
2016-04-23,Spring,171
2016-04-23,Summer,0
2016-04-23,Winter,0
2016-04-24,Autumn,0
2016-04-24,Spring,169
2016-04-24,Summer,0
2016-04-24,Winter,0
2016-04-25,Autumn,0
2016-04-25,Spring,149
2016-04-25,Summer,0
2016-04-25,Winter,0
2016-04-26,Autumn,0
2016-04-26,Spring,174
2016-04-26,Summer,0
2016-04-26,Winter,0
2016-04-27,Autumn,0
2016-04-27,Spring,179
2016-04-27,Summer,0
2016-04-27,Winter,0
2016-04-28,Autumn,0
2016-04-28,Spring,292
2016-04-28,Summer,0
2016-04-28,Winter,0
2016-04-29,Autumn,0
2016-04-29,Spring,266
2016-04-29,Summer,0
2016-04-29,Winter,0
2016-04-30,Autumn,0
2016-04-30,Spring,208
2016-04-30,Summer,0
2016-04-30,Winter,0
2016-05-01,Autumn,0
2016-05-01,Spring,91
2016-05-01,Summer,0
2016-05-01,Winter,0
2016-05-02,Autumn,0
2016-05-02,Spring,263
2016-05-02,Summer,0
2016-05-02,Winter,0
2016-05-03,Autumn,0
2016-05-03,Spring,93
2016-05-03,Summer,0
2016-05-03,Winter,0
2016-05-04,Autumn,0
2016-05-04,Spring,134
2016-05-04,Summer,0
2016-05-04,Winter,0
2016-05-05,Autumn,0
2016-05-05,Spring,271
2016-05-05,Summer,0
2016-05-05,Winter,0
2016-05-06,Autumn,0
2016-05-06,Spring,128
2016-05-06,Summer,0
2016-05-06,Winter,0
2016-05-07,Autumn,0
2016-05-07,Spring,149
2016-05-07,Summer,0
2016-05-07,Winter,0
2016-05-08,Autumn,0
2016-05-08,Spring,148
2016-05-08,Summer,0
2016-05-08,Winter,0
2016-05-09,Autumn,0
2016-05-09,Spring,168
2016-05-09,Summer,0
2016-05-09,Winter,0
2016-05-10,Autumn,0
2016-05-10,Spring,153
2016-05-10,Summer,0
2016-05-10,Winter,0
2016-05-11,Autumn,0
2016-05-11,Spring,132
2016-05-11,Summer,0
2016-05-11,Winter,0
2016-05-12,Autumn,0
2016-05-12,Spring,271
2016-05-12,Summer,0
2016-05-12,Winter,0
2016-05-13,Autumn,0
2016-05-13,Spring,237
2016-05-13,Summer,0
2016-05-13,Winter,0
2016-05-14,Autumn,0
2016-05-14,Spring,154
2016-05-14,Summer,0
2016-05-14,Winter,0
2016-05-15,Autumn,0
2016-05-15,Spring,187
2016-05-15,Summer,0
2016-05-15,Winter,0
2016-05-16,Autumn,0
2016-05-16,Spring,219
2016-05-16,Summer,0
2016-05-16,Winter,0
2016-05-17,Autumn,0
2016-05-17,Spring,228
2016-05-17,Summer,0
2016-05-17,Winter,0
2016-05-18,Autumn,0
2016-05-18,Spring,136
2016-05-18,Summer,0
2016-05-18,Winter,0
2016-05-19,Autumn,0
2016-05-19,Spring,264
2016-05-19,Summer,0
2016-05-19,Winter,0
2016-05-20,Autumn,0
2016-05-20,Spring,227
2016-05-20,Summer,0
2016-05-20,Winter,0
2016-05-21,Autumn,0
2016-05-21,Spring,191
2016-05-21,Summer,0
2016-05-21,Winter,0
2016-05-22,Autumn,0
2016-05-22,Spring,129
2016-05-22,Summer,0
2016-05-22,Winter,0
2016-05-23,Autumn,0
2016-05-23,Spring,134
2016-05-23,Summer,0
2016-05-23,Winter,0
2016-05-24,Autumn,0
2016-05-24,Spring,221
2016-05-24,Summer,0
2016-05-24,Winter,0
2016-05-25,Autumn,0
2016-05-25,Spring,109
2016-05-25,Summer,0
2016-05-25,Winter,0
2016-05-26,Autumn,0
2016-05-26,Spring,276
2016-05-26,Summer,0
2016-05-26,Winter,0
2016-05-27,Autumn,0
2016-05-27,Spring,96
2016-05-27,Summer,0
2016-05-27,Winter,0
2016-05-28,Autumn,0
2016-05-28,Spring,95
2016-05-28,Summer,0
2016-05-28,Winter,0
2016-05-29,Autumn,0
2016-05-29,Spring,185
2016-05-29,Summer,0
2016-05-29,Winter,0
2016-05-30,Autumn,0
2016-05-30,Spring,189
2016-05-30,Summer,0
2016-05-30,Winter,0
2016-05-31,Autumn,0
2016-05-31,Spring,200
2016-05-31,Summer,0
2016-05-31,Winter,0
2016-06-01,Autumn,0
2016-06-01,Spring,0
2016-06-01,Summer,133
2016-06-01,Winter,0
2016-06-02,Autumn,0
2016-06-02,Spring,0
2016-06-02,Summer,266
2016-06-02,Winter,0
2016-06-03,Autumn,0
2016-06-03,Spring,0
2016-06-03,Summer,193
2016-06-03,Winter,0
2016-06-04,Autumn,0
2016-06-04,Spring,0
2016-06-04,Summer,151
2016-06-04,Winter,0
2016-06-05,Autumn,0
2016-06-05,Spring,0
2016-06-05,Summer,107
2016-06-05,Winter,0
2016-06-06,Autumn,0
2016-06-06,Spring,0
2016-06-06,Summer,230
2016-06-06,Winter,0
2016-06-07,Autumn,0
2016-06-07,Spring,0
2016-06-07,Summer,146
2016-06-07,Winter,0
2016-06-08,Autumn,0
2016-06-08,Spring,0
2016-06-08,Summer,200
2016-06-08,Winter,0
2016-06-09,Autumn,0
2016-06-09,Spring,0
2016-06-09,Summer,223
2016-06-09,Winter,0
2016-06-10,Autumn,0
2016-06-10,Spring,0
2016-06-10,Summer,196
2016-06-10,Winter,0
2016-06-11,Autumn,0
2016-06-11,Spring,0
2016-06-11,Summer,101
2016-06-11,Winter,0
2016-06-12,Autumn,0
2016-06-12,Spring,0
2016-06-12,Summer,224
2016-06-12,Winter,0
2016-06-13,Autumn,0
2016-06-13,Spring,0
2016-06-13,Summer,130
2016-06-13,Winter,0
2016-06-14,Autumn,0
2016-06-14,Spring,0
2016-06-14,Summer,229
2016-06-14,Winter,0
2016-06-15,Autumn,0
2016-06-15,Spring,0
2016-06-15,Summer,284
2016-06-15,Winter,0
2016-06-16,Autumn,0
2016-06-16,Spring,0
2016-06-16,Summer,149
2016-06-16,Winter,0
2016-06-17,Autumn,0
2016-06-17,Spring,0
2016-06-17,Summer,321
2016-06-17,Winter,0
2016-06-18,Autumn,0
2016-06-18,Spring,0
2016-06-18,Summer,131
2016-06-18,Winter,0
2016-06-19,Autumn,0
2016-06-19,Spring,0
2016-06-19,Summer,122
2016-06-19,Winter,0
2016-06-20,Autumn,0
2016-06-20,Spring,0
2016-06-20,Summer,205
2016-06-20,Winter,0
2016-06-21,Autumn,0
2016-06-21,Spring,0
2016-06-21,Summer,133
2016-06-21,Winter,0
2016-06-22,Autumn,0
2016-06-22,Spring,0
2016-06-22,Summer,116
2016-06-22,Winter,0
2016-06-23,Autumn,0
2016-06-23,Spring,0
2016-06-23,Summer,131
2016-06-23,Winter,0
2016-06-24,Autumn,0
2016-06-24,Spring,0
2016-06-24,Summer,273
2016-06-24,Winter,0
2016-06-25,Autumn,0
2016-06-25,Spring,0
2016-06-25,Summer,79
2016-06-25,Winter,0
2016-06-26,Autumn,0
2016-06-26,Spring,0
2016-06-26,Summer,226
2016-06-26,Winter,0
2016-06-27,Autumn,0
2016-06-27,Spring,0
2016-06-27,Summer,184
2016-06-27,Winter,0
2016-06-28,Autumn,0
2016-06-28,Spring,0
2016-06-28,Summer,133
2016-06-28,Winter,0
2016-06-29,Autumn,0
2016-06-29,Spring,0
2016-06-29,Summer,93
2016-06-29,Winter,0
2016-06-30,Autumn,0
2016-06-30,Spring,0
2016-06-30,Summer,183
2016-06-30,Winter,0
2016-07-01,Autumn,0
2016-07-01,Spring,0
2016-07-01,Summer,173
2016-07-01,Winter,0
2016-07-02,Autumn,0
2016-07-02,Spring,0
2016-07-02,Summer,134
2016-07-02,Winter,0
2016-07-03,Autumn,0
2016-07-03,Spring,0
2016-07-03,Summer,118
2016-07-03,Winter,0
2016-07-04,Autumn,0
2016-07-04,Spring,0
2016-07-04,Summer,148
2016-07-04,Winter,0
2016-07-05,Autumn,0
2016-07-05,Spring,0
2016-07-05,Summer,109
2016-07-05,Winter,0
2016-07-06,Autumn,0
2016-07-06,Spring,0
2016-07-06,Summer,183
2016-07-06,Winter,0
2016-07-07,Autumn,0
2016-07-07,Spring,0
2016-07-07,Summer,170
2016-07-07,Winter,0
2016-07-08,Autumn,0
2016-07-08,Spring,0
2016-07-08,Summer,145
2016-07-08,Winter,0
2016-07-09,Autumn,0
2016-07-09,Spring,0
2016-07-09,Summer,141
2016-07-09,Winter,0
2016-07-10,Autumn,0
2016-07-10,Spring,0
2016-07-10,Summer,106
2016-07-10,Winter,0
2016-07-11,Autumn,0
2016-07-11,Spring,0
2016-07-11,Summer,173
2016-07-11,Winter,0
2016-07-12,Autumn,0
2016-07-12,Spring,0
2016-07-12,Summer,127
2016-07-12,Winter,0
2016-07-13,Autumn,0
2016-07-13,Spring,0
2016-07-13,Summer,118
2016-07-13,Winter,0
2016-07-14,Autumn,0
2016-07-14,Spring,0
2016-07-14,Summer,160
2016-07-14,Winter,0
2016-07-15,Autumn,0
2016-07-15,Spring,0
2016-07-15,Summer,141
2016-07-15,Winter,0
2016-07-16,Autumn,0
2016-07-16,Spring,0
2016-07-16,Summer,176
2016-07-16,Winter,0
2016-07-17,Autumn,0
2016-07-17,Spring,0
2016-07-17,Summer,126
2016-07-17,Winter,0
2016-07-18,Autumn,0
2016-07-18,Spring,0
2016-07-18,Summer,184
2016-07-18,Winter,0
2016-07-19,Autumn,0
2016-07-19,Spring,0
2016-07-19,Summer,106
2016-07-19,Winter,0
2016-07-20,Autumn,0
2016-07-20,Spring,0
2016-07-20,Summer,150
2016-07-20,Winter,0
2016-07-21,Autumn,0
2016-07-21,Spring,0
2016-07-21,Summer,216
2016-07-21,Winter,0
2016-07-22,Autumn,0
2016-07-22,Spring,0
2016-07-22,Summer,127
2016-07-22,Winter,0
2016-07-23,Autumn,0
2016-07-23,Spring,0
2016-07-23,Summer,197
2016-07-23,Winter,0
2016-07-24,Autumn,0
2016-07-24,Spring,0
2016-07-24,Summer,130
2016-07-24,Winter,0
2016-07-25,Autumn,0
2016-07-25,Spring,0
2016-07-25,Summer,173
2016-07-25,Winter,0
2016-07-26,Autumn,0
2016-07-26,Spring,0
2016-07-26,Summer,115
2016-07-26,Winter,0
2016-07-27,Autumn,0
2016-07-27,Spring,0
2016-07-27,Summer,143
2016-07-27,Winter,0
2016-07-28,Autumn,0
2016-07-28,Spring,0
2016-07-28,Summer,153
2016-07-28,Winter,0
2016-07-29,Autumn,0
2016-07-29,Spring,0
2016-07-29,Summer,107
2016-07-29,Winter,0
2016-07-30,Autumn,0
2016-07-30,Spring,0
2016-07-30,Summer,209
2016-07-30,Winter,0
2016-07-31,Autumn,0
2016-07-31,Spring,0
2016-07-31,Summer,114
2016-07-31,Winter,0
2016-08-01,Autumn,0
2016-08-01,Spring,0
2016-08-01,Summer,214
2016-08-01,Winter,0
2016-08-02,Autumn,0
2016-08-02,Spring,0
2016-08-02,Summer,137
2016-08-02,Winter,0
2016-08-03,Autumn,0
2016-08-03,Spring,0
2016-08-03,Summer,144
2016-08-03,Winter,0
2016-08-04,Autumn,0
2016-08-04,Spring,0
2016-08-04,Summer,175
2016-08-04,Winter,0
2016-08-05,Autumn,0
2016-08-05,Spring,0
2016-08-05,Summer,157
2016-08-05,Winter,0
2016-08-06,Autumn,0
2016-08-06,Spring,0
2016-08-06,Summer,158
2016-08-06,Winter,0
2016-08-07,Autumn,0
2016-08-07,Spring,0
2016-08-07,Summer,137
2016-08-07,Winter,0
2016-08-08,Autumn,0
2016-08-08,Spring,0
2016-08-08,Summer,210
2016-08-08,Winter,0
2016-08-09,Autumn,0
2016-08-09,Spring,0
2016-08-09,Summer,122
2016-08-09,Winter,0
2016-08-10,Autumn,0
2016-08-10,Spring,0
2016-08-10,Summer,139
2016-08-10,Winter,0
2016-08-11,Autumn,0
2016-08-11,Spring,0
2016-08-11,Summer,192
2016-08-11,Winter,0
2016-08-12,Autumn,0
2016-08-12,Spring,0
2016-08-12,Summer,172
2016-08-12,Winter,0
2016-08-13,Autumn,0
2016-08-13,Spring,0
2016-08-13,Summer,213
2016-08-13,Winter,0
2016-08-14,Autumn,0
2016-08-14,Spring,0
2016-08-14,Summer,138
2016-08-14,Winter,0
2016-08-15,Autumn,0
2016-08-15,Spring,0
2016-08-15,Summer,177
2016-08-15,Winter,0
2016-08-16,Autumn,0
2016-08-16,Spring,0
2016-08-16,Summer,159
2016-08-16,Winter,0
2016-08-17,Autumn,0
2016-08-17,Spring,0
2016-08-17,Summer,146
2016-08-17,Winter,0
2016-08-18,Autumn,0
2016-08-18,Spring,0
2016-08-18,Summer,232
2016-08-18,Winter,0
2016-08-19,Autumn,0
2016-08-19,Spring,0
2016-08-19,Summer,165
2016-08-19,Winter,0
2016-08-20,Autumn,0
2016-08-20,Spring,0
2016-08-20,Summer,198
2016-08-20,Winter,0
2016-08-21,Autumn,0
2016-08-21,Spring,0
2016-08-21,Summer,154
2016-08-21,Winter,0
2016-08-22,Autumn,0
2016-08-22,Spring,0
2016-08-22,Summer,187
2016-08-22,Winter,0
2016-08-23,Autumn,0
2016-08-23,Spring,0
2016-08-23,Summer,116
2016-08-23,Winter,0
2016-08-24,Autumn,0
2016-08-24,Spring,0
2016-08-24,Summer,150
2016-08-24,Winter,0
2016-08-25,Autumn,0
2016-08-25,Spring,0
2016-08-25,Summer,169
2016-08-25,Winter,0
2016-08-26,Autumn,0
2016-08-26,Spring,0
2016-08-26,Summer,170
2016-08-26,Winter,0
2016-08-27,Autumn,0
2016-08-27,Spring,0
2016-08-27,Summer,141
2016-08-27,Winter,0
2016-08-28,Autumn,0
2016-08-28,Spring,0
2016-08-28,Summer,167
2016-08-28,Winter,0
2016-08-29,Autumn,0
2016-08-29,Spring,0
2016-08-29,Summer,164
2016-08-29,Winter,0
2016-08-30,Autumn,0
2016-08-30,Spring,0
2016-08-30,Summer,132
2016-08-30,Winter,0
2016-08-31,Autumn,0
2016-08-31,Spring,0
2016-08-31,Summer,128
2016-08-31,Winter,0
2016-09-01,Autumn,193
2016-09-01,Spring,0
2016-09-01,Summer,0
2016-09-01,Winter,0
2016-09-02,Autumn,174
2016-09-02,Spring,0
2016-09-02,Summer,0
2016-09-02,Winter,0
2016-09-03,Autumn,178
2016-09-03,Spring,0
2016-09-03,Summer,0
2016-09-03,Winter,0
2016-09-04,Autumn,132
2016-09-04,Spring,0
2016-09-04,Summer,0
2016-09-04,Winter,0
2016-09-05,Autumn,185
2016-09-05,Spring,0
2016-09-05,Summer,0
2016-09-05,Winter,0
2016-09-06,Autumn,99
2016-09-06,Spring,0
2016-09-06,Summer,0
2016-09-06,Winter,0
2016-09-07,Autumn,133
2016-09-07,Spring,0
2016-09-07,Summer,0
2016-09-07,Winter,0
2016-09-08,Autumn,212
2016-09-08,Spring,0
2016-09-08,Summer,0
2016-09-08,Winter,0
2016-09-09,Autumn,221
2016-09-09,Spring,0
2016-09-09,Summer,0
2016-09-09,Winter,0
2016-09-10,Autumn,115
2016-09-10,Spring,0
2016-09-10,Summer,0
2016-09-10,Winter,0
2016-09-11,Autumn,172
2016-09-11,Spring,0
2016-09-11,Summer,0
2016-09-11,Winter,0
2016-09-12,Autumn,173
2016-09-12,Spring,0
2016-09-12,Summer,0
2016-09-12,Winter,0
2016-09-13,Autumn,166
2016-09-13,Spring,0
2016-09-13,Summer,0
2016-09-13,Winter,0
2016-09-14,Autumn,128
2016-09-14,Spring,0
2016-09-14,Summer,0
2016-09-14,Winter,0
2016-09-15,Autumn,313
2016-09-15,Spring,0
2016-09-15,Summer,0
2016-09-15,Winter,0
2016-09-16,Autumn,217
2016-09-16,Spring,0
2016-09-16,Summer,0
2016-09-16,Winter,0
2016-09-17,Autumn,121
2016-09-17,Spring,0
2016-09-17,Summer,0
2016-09-17,Winter,0
2016-09-18,Autumn,174
2016-09-18,Spring,0
2016-09-18,Summer,0
2016-09-18,Winter,0
2016-09-19,Autumn,230
2016-09-19,Spring,0
2016-09-19,Summer,0
2016-09-19,Winter,0
2016-09-20,Autumn,209
2016-09-20,Spring,0
2016-09-20,Summer,0
2016-09-20,Winter,0
2016-09-21,Autumn,208
2016-09-21,Spring,0
2016-09-21,Summer,0
2016-09-21,Winter,0
2016-09-22,Autumn,194
2016-09-22,Spring,0
2016-09-22,Summer,0
2016-09-22,Winter,0
2016-09-23,Autumn,140
2016-09-23,Spring,0
2016-09-23,Summer,0
2016-09-23,Winter,0
2016-09-24,Autumn,122
2016-09-24,Spring,0
2016-09-24,Summer,0
2016-09-24,Winter,0
2016-09-25,Autumn,155
2016-09-25,Spring,0
2016-09-25,Summer,0
2016-09-25,Winter,0
2016-09-26,Autumn,304
2016-09-26,Spring,0
2016-09-26,Summer,0
2016-09-26,Winter,0
2016-09-27,Autumn,122
2016-09-27,Spring,0
2016-09-27,Summer,0
2016-09-27,Winter,0
2016-09-28,Autumn,136
2016-09-28,Spring,0
2016-09-28,Summer,0
2016-09-28,Winter,0
2016-09-29,Autumn,182
2016-09-29,Spring,0
2016-09-29,Summer,0
2016-09-29,Winter,0
2016-09-30,Autumn,286
2016-09-30,Spring,0
2016-09-30,Summer,0
2016-09-30,Winter,0
2016-10-01,Autumn,184
2016-10-01,Spring,0
2016-10-01,Summer,0
2016-10-01,Winter,0
2016-10-02,Autumn,150
2016-10-02,Spring,0
2016-10-02,Summer,0
2016-10-02,Winter,0
2016-10-03,Autumn,199
2016-10-03,Spring,0
2016-10-03,Summer,0
2016-10-03,Winter,0
2016-10-04,Autumn,156
2016-10-04,Spring,0
2016-10-04,Summer,0
2016-10-04,Winter,0
2016-10-05,Autumn,189
2016-10-05,Spring,0
2016-10-05,Summer,0
2016-10-05,Winter,0
2016-10-06,Autumn,289
2016-10-06,Spring,0
2016-10-06,Summer,0
2016-10-06,Winter,0
2016-10-07,Autumn,186
2016-10-07,Spring,0
2016-10-07,Summer,0
2016-10-07,Winter,0
2016-10-08,Autumn,129
2016-10-08,Spring,0
2016-10-08,Summer,0
2016-10-08,Winter,0
2016-10-09,Autumn,214
2016-10-09,Spring,0
2016-10-09,Summer,0
2016-10-09,Winter,0
2016-10-10,Autumn,213
2016-10-10,Spring,0
2016-10-10,Summer,0
2016-10-10,Winter,0
2016-10-11,Autumn,182
2016-10-11,Spring,0
2016-10-11,Summer,0
2016-10-11,Winter,0
2016-10-12,Autumn,256
2016-10-12,Spring,0
2016-10-12,Summer,0
2016-10-12,Winter,0
2016-10-13,Autumn,344
2016-10-13,Spring,0
2016-10-13,Summer,0
2016-10-13,Winter,0
2016-10-14,Autumn,195
2016-10-14,Spring,0
2016-10-14,Summer,0
2016-10-14,Winter,0
2016-10-15,Autumn,130
2016-10-15,Spring,0
2016-10-15,Summer,0
2016-10-15,Winter,0
2016-10-16,Autumn,281
2016-10-16,Spring,0
2016-10-16,Summer,0
2016-10-16,Winter,0
2016-10-17,Autumn,209
2016-10-17,Spring,0
2016-10-17,Summer,0
2016-10-17,Winter,0
2016-10-18,Autumn,136
2016-10-18,Spring,0
2016-10-18,Summer,0
2016-10-18,Winter,0
2016-10-19,Autumn,125
2016-10-19,Spring,0
2016-10-19,Summer,0
2016-10-19,Winter,0
2016-10-20,Autumn,247
2016-10-20,Spring,0
2016-10-20,Summer,0
2016-10-20,Winter,0
2016-10-21,Autumn,247
2016-10-21,Spring,0
2016-10-21,Summer,0
2016-10-21,Winter,0
2016-10-22,Autumn,175
2016-10-22,Spring,0
2016-10-22,Summer,0
2016-10-22,Winter,0
2016-10-23,Autumn,192
2016-10-23,Spring,0
2016-10-23,Summer,0
2016-10-23,Winter,0
2016-10-24,Autumn,136
2016-10-24,Spring,0
2016-10-24,Summer,0
2016-10-24,Winter,0
2016-10-25,Autumn,155
2016-10-25,Spring,0
2016-10-25,Summer,0
2016-10-25,Winter,0
2016-10-26,Autumn,156
2016-10-26,Spring,0
2016-10-26,Summer,0
2016-10-26,Winter,0
2016-10-27,Autumn,194
2016-10-27,Spring,0
2016-10-27,Summer,0
2016-10-27,Winter,0
2016-10-28,Autumn,334
2016-10-28,Spring,0
2016-10-28,Summer,0
2016-10-28,Winter,0
2016-10-29,Autumn,239
2016-10-29,Spring,0
2016-10-29,Summer,0
2016-10-29,Winter,0
2016-10-30,Autumn,214
2016-10-30,Spring,0
2016-10-30,Summer,0
2016-10-30,Winter,0
2016-10-31,Autumn,147
2016-10-31,Spring,0
2016-10-31,Summer,0
2016-10-31,Winter,0
2016-11-01,Autumn,212
2016-11-01,Spring,0
2016-11-01,Summer,0
2016-11-01,Winter,0
2016-11-02,Autumn,143
2016-11-02,Spring,0
2016-11-02,Summer,0
2016-11-02,Winter,0
2016-11-03,Autumn,229
2016-11-03,Spring,0
2016-11-03,Summer,0
2016-11-03,Winter,0
2016-11-04,Autumn,237
2016-11-04,Spring,0
2016-11-04,Summer,0
2016-11-04,Winter,0
2016-11-05,Autumn,214
2016-11-05,Spring,0
2016-11-05,Summer,0
2016-11-05,Winter,0
2016-11-06,Autumn,122
2016-11-06,Spring,0
2016-11-06,Summer,0
2016-11-06,Winter,0
2016-11-07,Autumn,366
2016-11-07,Spring,0
2016-11-07,Summer,0
2016-11-07,Winter,0
2016-11-08,Autumn,87
2016-11-08,Spring,0
2016-11-08,Summer,0
2016-11-08,Winter,0
2016-11-09,Autumn,76
2016-11-09,Spring,0
2016-11-09,Summer,0
2016-11-09,Winter,0
2016-11-10,Autumn,147
2016-11-10,Spring,0
2016-11-10,Summer,0
2016-11-10,Winter,0
2016-11-11,Autumn,209
2016-11-11,Spring,0
2016-11-11,Summer,0
2016-11-11,Winter,0
2016-11-12,Autumn,146
2016-11-12,Spring,0
2016-11-12,Summer,0
2016-11-12,Winter,0
2016-11-13,Autumn,126
2016-11-13,Spring,0
2016-11-13,Summer,0
2016-11-13,Winter,0
2016-11-14,Autumn,142
2016-11-14,Spring,0
2016-11-14,Summer,0
2016-11-14,Winter,0
2016-11-15,Autumn,95
2016-11-15,Spring,0
2016-11-15,Summer,0
2016-11-15,Winter,0
2016-11-16,Autumn,131
2016-11-16,Spring,0
2016-11-16,Summer,0
2016-11-16,Winter,0
2016-11-17,Autumn,160
2016-11-17,Spring,0
2016-11-17,Summer,0
2016-11-17,Winter,0
2016-11-18,Autumn,207
2016-11-18,Spring,0
2016-11-18,Summer,0
2016-11-18,Winter,0
2016-11-19,Autumn,140
2016-11-19,Spring,0
2016-11-19,Summer,0
2016-11-19,Winter,0
2016-11-20,Autumn,93
2016-11-20,Spring,0
2016-11-20,Summer,0
2016-11-20,Winter,0
2016-11-21,Autumn,183
2016-11-21,Spring,0
2016-11-21,Summer,0
2016-11-21,Winter,0
2016-11-22,Autumn,77
2016-11-22,Spring,0
2016-11-22,Summer,0
2016-11-22,Winter,0
2016-11-23,Autumn,106
2016-11-23,Spring,0
2016-11-23,Summer,0
2016-11-23,Winter,0
2016-11-24,Autumn,120
2016-11-24,Spring,0
2016-11-24,Summer,0
2016-11-24,Winter,0
2016-11-25,Autumn,191
2016-11-25,Spring,0
2016-11-25,Summer,0
2016-11-25,Winter,0
2016-11-26,Autumn,120
2016-11-26,Spring,0
2016-11-26,Summer,0
2016-11-26,Winter,0
2016-11-27,Autumn,81
2016-11-27,Spring,0
2016-11-27,Summer,0
2016-11-27,Winter,0
2016-11-28,Autumn,118
2016-11-28,Spring,0
2016-11-28,Summer,0
2016-11-28,Winter,0
2016-11-29,Autumn,109
2016-11-29,Spring,0
2016-11-29,Summer,0
2016-11-29,Winter,0
2016-11-30,Autumn,67
2016-11-30,Spring,0
2016-11-30,Summer,0
2016-11-30,Winter,0
2016-12-01,Autumn,0
2016-12-01,Spring,0
2016-12-01,Summer,0
2016-12-01,Winter,174
2016-12-02,Autumn,0
2016-12-02,Spring,0
2016-12-02,Summer,0
2016-12-02,Winter,199
2016-12-03,Autumn,0
2016-12-03,Spring,0
2016-12-03,Summer,0
2016-12-03,Winter,189
2016-12-04,Autumn,0
2016-12-04,Spring,0
2016-12-04,Summer,0
2016-12-04,Winter,87
2016-12-05,Autumn,0
2016-12-05,Spring,0
2016-12-05,Summer,0
2016-12-05,Winter,142
2016-12-06,Autumn,0
2016-12-06,Spring,0
2016-12-06,Summer,0
2016-12-06,Winter,95
2016-12-07,Autumn,0
2016-12-07,Spring,0
2016-12-07,Summer,0
2016-12-07,Winter,119
2016-12-08,Autumn,0
2016-12-08,Spring,0
2016-12-08,Summer,0
2016-12-08,Winter,240
2016-12-09,Autumn,0
2016-12-09,Spring,0
2016-12-09,Summer,0
2016-12-09,Winter,116
2016-12-10,Autumn,0
2016-12-10,Spring,0
2016-12-10,Summer,0
2016-12-10,Winter,99
2016-12-11,Autumn,0
2016-12-11,Spring,0
2016-12-11,Summer,0
2016-12-11,Winter,39
2016-12-12,Autumn,0
2016-12-12,Spring,0
2016-12-12,Summer,0
2016-12-12,Winter,78
2016-12-13,Autumn,0
2016-12-13,Spring,0
2016-12-13,Summer,0
2016-12-13,Winter,77
2016-12-14,Autumn,0
2016-12-14,Spring,0
2016-12-14,Summer,0
2016-12-14,Winter,77
2016-12-15,Autumn,0
2016-12-15,Spring,0
2016-12-15,Summer,0
2016-12-15,Winter,94
2016-12-16,Autumn,0
2016-12-16,Spring,0
2016-12-16,Summer,0
2016-12-16,Winter,142
2016-12-17,Autumn,0
2016-12-17,Spring,0
2016-12-17,Summer,0
2016-12-17,Winter,111
2016-12-18,Autumn,0
2016-12-18,Spring,0
2016-12-18,Summer,0
2016-12-18,Winter,63
2016-12-19,Autumn,0
2016-12-19,Spring,0
2016-12-19,Summer,0
2016-12-19,Winter,99
2016-12-20,Autumn,0
2016-12-20,Spring,0
2016-12-20,Summer,0
2016-12-20,Winter,78
2016-12-21,Autumn,0
2016-12-21,Spring,0
2016-12-21,Summer,0
2016-12-21,Winter,89
2016-12-22,Autumn,0
2016-12-22,Spring,0
2016-12-22,Summer,0
2016-12-22,Winter,125
2016-12-23,Autumn,0
2016-12-23,Spring,0
2016-12-23,Summer,0
2016-12-23,Winter,127
2016-12-24,Autumn,0
2016-12-24,Spring,0
2016-12-24,Summer,0
2016-12-24,Winter,124
2016-12-25,Autumn,0
2016-12-25,Spring,0
2016-12-25,Summer,0
2016-12-25,Winter,72
2016-12-26,Autumn,0
2016-12-26,Spring,0
2016-12-26,Summer,0
2016-12-26,Winter,164
2016-12-27,Autumn,0
2016-12-27,Spring,0
2016-12-27,Summer,0
2016-12-27,Winter,215
2016-12-28,Autumn,0
2016-12-28,Spring,0
2016-12-28,Summer,0
2016-12-28,Winter,149
2016-12-29,Autumn,0
2016-12-29,Spring,0
2016-12-29,Summer,0
2016-12-29,Winter,163
2016-12-30,Autumn,0
2016-12-30,Spring,0
2016-12-30,Summer,0
2016-12-30,Winter,238
2016-12-31,Autumn,0
2016-12-31,Spring,0
2016-12-31,Summer,0
2016-12-31,Winter,76
2017-01-01,Autumn,0
2017-01-01,Spring,0
2017-01-01,Summer,0
2017-01-01,Winter,128
2017-01-02,Autumn,0
2017-01-02,Spring,0
2017-01-02,Summer,0
2017-01-02,Winter,179
2017-01-03,Autumn,0
2017-01-03,Spring,0
2017-01-03,Summer,0
2017-01-03,Winter,124
2017-01-04,Autumn,0
2017-01-04,Spring,0
2017-01-04,Summer,0
2017-01-04,Winter,96
2017-01-05,Autumn,0
2017-01-05,Spring,0
2017-01-05,Summer,0
2017-01-05,Winter,98
2017-01-06,Autumn,0
2017-01-06,Spring,0
2017-01-06,Summer,0
2017-01-06,Winter,112
2017-01-07,Autumn,0
2017-01-07,Spring,0
2017-01-07,Summer,0
2017-01-07,Winter,83
2017-01-08,Autumn,0
2017-01-08,Spring,0
2017-01-08,Summer,0
2017-01-08,Winter,110
2017-01-09,Autumn,0
2017-01-09,Spring,0
2017-01-09,Summer,0
2017-01-09,Winter,77
2017-01-10,Autumn,0
2017-01-10,Spring,0
2017-01-10,Summer,0
2017-01-10,Winter,99
2017-01-11,Autumn,0
2017-01-11,Spring,0
2017-01-11,Summer,0
2017-01-11,Winter,61
2017-01-12,Autumn,0
2017-01-12,Spring,0
2017-01-12,Summer,0
2017-01-12,Winter,138
2017-01-13,Autumn,0
2017-01-13,Spring,0
2017-01-13,Summer,0
2017-01-13,Winter,92
2017-01-14,Autumn,0
2017-01-14,Spring,0
2017-01-14,Summer,0
2017-01-14,Winter,244
2017-01-15,Autumn,0
2017-01-15,Spring,0
2017-01-15,Summer,0
2017-01-15,Winter,67
2017-01-16,Autumn,0
2017-01-16,Spring,0
2017-01-16,Summer,0
2017-01-16,Winter,193
2017-01-17,Autumn,0
2017-01-17,Spring,0
2017-01-17,Summer,0
2017-01-17,Winter,69
2017-01-18,Autumn,0
2017-01-18,Spring,0
2017-01-18,Summer,0
2017-01-18,Winter,219
2017-01-19,Autumn,0
2017-01-19,Spring,0
2017-01-19,Summer,0
2017-01-19,Winter,123
2017-01-20,Autumn,0
2017-01-20,Spring,0
2017-01-20,Summer,0
2017-01-20,Winter,84
2017-01-21,Autumn,0
2017-01-21,Spring,0
2017-01-21,Summer,0
2017-01-21,Winter,115
2017-01-22,Autumn,0
2017-01-22,Spring,0
2017-01-22,Summer,0
2017-01-22,Winter,89
2017-01-23,Autumn,0
2017-01-23,Spring,0
2017-01-23,Summer,0
2017-01-23,Winter,172
2017-01-24,Autumn,0
2017-01-24,Spring,0
2017-01-24,Summer,0
2017-01-24,Winter,87
2017-01-25,Autumn,0
2017-01-25,Spring,0
2017-01-25,Summer,0
2017-01-25,Winter,191
2017-01-26,Autumn,0
2017-01-26,Spring,0
2017-01-26,Summer,0
2017-01-26,Winter,114
2017-01-27,Autumn,0
2017-01-27,Spring,0
2017-01-27,Summer,0
2017-01-27,Winter,150
2017-01-28,Autumn,0
2017-01-28,Spring,0
2017-01-28,Summer,0
2017-01-28,Winter,111
2017-01-29,Autumn,0
2017-01-29,Spring,0
2017-01-29,Summer,0
2017-01-29,Winter,71
2017-01-30,Autumn,0
2017-01-30,Spring,0
2017-01-30,Summer,0
2017-01-30,Winter,111
2017-01-31,Autumn,0
2017-01-31,Spring,0
2017-01-31,Summer,0
2017-01-31,Winter,74
2017-02-01,Autumn,0
2017-02-01,Spring,0
2017-02-01,Summer,0
2017-02-01,Winter,153
2017-02-02,Autumn,0
2017-02-02,Spring,0
2017-02-02,Summer,0
2017-02-02,Winter,133
2017-02-03,Autumn,0
2017-02-03,Spring,0
2017-02-03,Summer,0
2017-02-03,Winter,122
2017-02-04,Autumn,0
2017-02-04,Spring,0
2017-02-04,Summer,0
2017-02-04,Winter,154
2017-02-05,Autumn,0
2017-02-05,Spring,0
2017-02-05,Summer,0
2017-02-05,Winter,91
2017-02-06,Autumn,0
2017-02-06,Spring,0
2017-02-06,Summer,0
2017-02-06,Winter,108
2017-02-07,Autumn,0
2017-02-07,Spring,0
2017-02-07,Summer,0
2017-02-07,Winter,78
2017-02-08,Autumn,0
2017-02-08,Spring,0
2017-02-08,Summer,0
2017-02-08,Winter,73
2017-02-09,Autumn,0
2017-02-09,Spring,0
2017-02-09,Summer,0
2017-02-09,Winter,146
2017-02-10,Autumn,0
2017-02-10,Spring,0
2017-02-10,Summer,0
2017-02-10,Winter,187
2017-02-11,Autumn,0
2017-02-11,Spring,0
2017-02-11,Summer,0
2017-02-11,Winter,129
2017-02-12,Autumn,0
2017-02-12,Spring,0
2017-02-12,Summer,0
2017-02-12,Winter,201
2017-02-13,Autumn,0
2017-02-13,Spring,0
2017-02-13,Summer,0
2017-02-13,Winter,193
2017-02-14,Autumn,0
2017-02-14,Spring,0
2017-02-14,Summer,0
2017-02-14,Winter,151
2017-02-15,Autumn,0
2017-02-15,Spring,0
2017-02-15,Summer,0
2017-02-15,Winter,148
2017-02-16,Autumn,0
2017-02-16,Spring,0
2017-02-16,Summer,0
2017-02-16,Winter,129
2017-02-17,Autumn,0
2017-02-17,Spring,0
2017-02-17,Summer,0
2017-02-17,Winter,210
2017-02-18,Autumn,0
2017-02-18,Spring,0
2017-02-18,Summer,0
2017-02-18,Winter,128
2017-02-19,Autumn,0
2017-02-19,Spring,0
2017-02-19,Summer,0
2017-02-19,Winter,135
2017-02-20,Autumn,0
2017-02-20,Spring,0
2017-02-20,Summer,0
2017-02-20,Winter,174
2017-02-21,Autumn,0
2017-02-21,Spring,0
2017-02-21,Summer,0
2017-02-21,Winter,106
2017-02-22,Autumn,0
2017-02-22,Spring,0
2017-02-22,Summer,0
2017-02-22,Winter,170
2017-02-23,Autumn,0
2017-02-23,Spring,0
2017-02-23,Summer,0
2017-02-23,Winter,170
2017-02-24,Autumn,0
2017-02-24,Spring,0
2017-02-24,Summer,0
2017-02-24,Winter,152
2017-02-25,Autumn,0
2017-02-25,Spring,0
2017-02-25,Summer,0
2017-02-25,Winter,316
2017-02-26,Autumn,0
2017-02-26,Spring,0
2017-02-26,Summer,0
2017-02-26,Winter,185
2017-02-27,Autumn,0
2017-02-27,Spring,0
2017-02-27,Summer,0
2017-02-27,Winter,133
2017-02-28,Autumn,0
2017-02-28,Spring,0
2017-02-28,Summer,0
2017-02-28,Winter,102
2017-03-01,Autumn,0
2017-03-01,Spring,144
2017-03-01,Summer,0
2017-03-01,Winter,0
2017-03-02,Autumn,0
2017-03-02,Spring,335
2017-03-02,Summer,0
2017-03-02,Winter,0
2017-03-03,Autumn,0
2017-03-03,Spring,136
2017-03-03,Summer,0
2017-03-03,Winter,0
2017-03-04,Autumn,0
2017-03-04,Spring,86
2017-03-04,Summer,0
2017-03-04,Winter,0
2017-03-05,Autumn,0
2017-03-05,Spring,184
2017-03-05,Summer,0
2017-03-05,Winter,0
2017-03-06,Autumn,0
2017-03-06,Spring,157
2017-03-06,Summer,0
2017-03-06,Winter,0
2017-03-07,Autumn,0
2017-03-07,Spring,128
2017-03-07,Summer,0
2017-03-07,Winter,0
2017-03-08,Autumn,0
2017-03-08,Spring,96
2017-03-08,Summer,0
2017-03-08,Winter,0
2017-03-09,Autumn,0
2017-03-09,Spring,210
2017-03-09,Summer,0
2017-03-09,Winter,0
2017-03-10,Autumn,0
2017-03-10,Spring,175
2017-03-10,Summer,0
2017-03-10,Winter,0
2017-03-11,Autumn,0
2017-03-11,Spring,172
2017-03-11,Summer,0
2017-03-11,Winter,0
2017-03-12,Autumn,0
2017-03-12,Spring,115
2017-03-12,Summer,0
2017-03-12,Winter,0
2017-03-13,Autumn,0
2017-03-13,Spring,214
2017-03-13,Summer,0
2017-03-13,Winter,0
2017-03-14,Autumn,0
2017-03-14,Spring,176
2017-03-14,Summer,0
2017-03-14,Winter,0
2017-03-15,Autumn,0
2017-03-15,Spring,221
2017-03-15,Summer,0
2017-03-15,Winter,0
2017-03-16,Autumn,0
2017-03-16,Spring,178
2017-03-16,Summer,0
2017-03-16,Winter,0
2017-03-17,Autumn,0
2017-03-17,Spring,146
2017-03-17,Summer,0
2017-03-17,Winter,0
2017-03-18,Autumn,0
2017-03-18,Spring,121
2017-03-18,Summer,0
2017-03-18,Winter,0
2017-03-19,Autumn,0
2017-03-19,Spring,142
2017-03-19,Summer,0
2017-03-19,Winter,0
2017-03-20,Autumn,0
2017-03-20,Spring,167
2017-03-20,Summer,0
2017-03-20,Winter,0
2017-03-21,Autumn,0
2017-03-21,Spring,154
2017-03-21,Summer,0
2017-03-21,Winter,0
2017-03-22,Autumn,0
2017-03-22,Spring,90
2017-03-22,Summer,0
2017-03-22,Winter,0
2017-03-23,Autumn,0
2017-03-23,Spring,146
2017-03-23,Summer,0
2017-03-23,Winter,0
2017-03-24,Autumn,0
2017-03-24,Spring,192
2017-03-24,Summer,0
2017-03-24,Winter,0
2017-03-25,Autumn,0
2017-03-25,Spring,142
2017-03-25,Summer,0
2017-03-25,Winter,0
2017-03-26,Autumn,0
2017-03-26,Spring,126
2017-03-26,Summer,0
2017-03-26,Winter,0
2017-03-27,Autumn,0
2017-03-27,Spring,183
2017-03-27,Summer,0
2017-03-27,Winter,0
2017-03-28,Autumn,0
2017-03-28,Spring,88
2017-03-28,Summer,0
2017-03-28,Winter,0
2017-03-29,Autumn,0
2017-03-29,Spring,154
2017-03-29,Summer,0
2017-03-29,Winter,0
2017-03-30,Autumn,0
2017-03-30,Spring,179
2017-03-30,Summer,0
2017-03-30,Winter,0
2017-03-31,Autumn,0
2017-03-31,Spring,213
2017-03-31,Summer,0
2017-03-31,Winter,0
2017-04-01,Autumn,0
2017-04-01,Spring,132
2017-04-01,Summer,0
2017-04-01,Winter,0
2017-04-02,Autumn,0
2017-04-02,Spring,96
2017-04-02,Summer,0
2017-04-02,Winter,0
2017-04-03,Autumn,0
2017-04-03,Spring,231
2017-04-03,Summer,0
2017-04-03,Winter,0
2017-04-04,Autumn,0
2017-04-04,Spring,125
2017-04-04,Summer,0
2017-04-04,Winter,0
2017-04-05,Autumn,0
2017-04-05,Spring,252
2017-04-05,Summer,0
2017-04-05,Winter,0
2017-04-06,Autumn,0
2017-04-06,Spring,229
2017-04-06,Summer,0
2017-04-06,Winter,0
2017-04-07,Autumn,0
2017-04-07,Spring,128
2017-04-07,Summer,0
2017-04-07,Winter,0
2017-04-08,Autumn,0
2017-04-08,Spring,200
2017-04-08,Summer,0
2017-04-08,Winter,0
2017-04-09,Autumn,0
2017-04-09,Spring,273
2017-04-09,Summer,0
2017-04-09,Winter,0
2017-04-10,Autumn,0
2017-04-10,Spring,180
2017-04-10,Summer,0
2017-04-10,Winter,0
2017-04-11,Autumn,0
2017-04-11,Spring,137
2017-04-11,Summer,0
2017-04-11,Winter,0
2017-04-12,Autumn,0
2017-04-12,Spring,133
2017-04-12,Summer,0
2017-04-12,Winter,0
2017-04-13,Autumn,0
2017-04-13,Spring,242
2017-04-13,Summer,0
2017-04-13,Winter,0
2017-04-14,Autumn,0
2017-04-14,Spring,225
2017-04-14,Summer,0
2017-04-14,Winter,0
2017-04-15,Autumn,0
2017-04-15,Spring,229
2017-04-15,Summer,0
2017-04-15,Winter,0
2017-04-16,Autumn,0
2017-04-16,Spring,167
2017-04-16,Summer,0
2017-04-16,Winter,0
2017-04-17,Autumn,0
2017-04-17,Spring,174
2017-04-17,Summer,0
2017-04-17,Winter,0
2017-04-18,Autumn,0
2017-04-18,Spring,136
2017-04-18,Summer,0
2017-04-18,Winter,0
2017-04-19,Autumn,0
2017-04-19,Spring,148
2017-04-19,Summer,0
2017-04-19,Winter,0
2017-04-20,Autumn,0
2017-04-20,Spring,158
2017-04-20,Summer,0
2017-04-20,Winter,0
2017-04-21,Autumn,0
2017-04-21,Spring,223
2017-04-21,Summer,0
2017-04-21,Winter,0
2017-04-22,Autumn,0
2017-04-22,Spring,223
2017-04-22,Summer,0
2017-04-22,Winter,0
2017-04-23,Autumn,0
2017-04-23,Spring,169
2017-04-23,Summer,0
2017-04-23,Winter,0
2017-04-24,Autumn,0
2017-04-24,Spring,129
2017-04-24,Summer,0
2017-04-24,Winter,0
2017-04-25,Autumn,0
2017-04-25,Spring,111
2017-04-25,Summer,0
2017-04-25,Winter,0
2017-04-26,Autumn,0
2017-04-26,Spring,269
2017-04-26,Summer,0
2017-04-26,Winter,0
2017-04-27,Autumn,0
2017-04-27,Spring,197
2017-04-27,Summer,0
2017-04-27,Winter,0
2017-04-28,Autumn,0
2017-04-28,Spring,261
2017-04-28,Summer,0
2017-04-28,Winter,0
2017-04-29,Autumn,0
2017-04-29,Spring,330
2017-04-29,Summer,0
2017-04-29,Winter,0
2017-04-30,Autumn,0
2017-04-30,Spring,154
2017-04-30,Summer,0
2017-04-30,Winter,0
2017-05-01,Autumn,0
2017-05-01,Spring,205
2017-05-01,Summer,0
2017-05-01,Winter,0
2017-05-02,Autumn,0
2017-05-02,Spring,174
2017-05-02,Summer,0
2017-05-02,Winter,0
2017-05-03,Autumn,0
2017-05-03,Spring,213
2017-05-03,Summer,0
2017-05-03,Winter,0
2017-05-04,Autumn,0
2017-05-04,Spring,262
2017-05-04,Summer,0
2017-05-04,Winter,0
2017-05-05,Autumn,0
2017-05-05,Spring,260
2017-05-05,Summer,0
2017-05-05,Winter,0
2017-05-06,Autumn,0
2017-05-06,Spring,221
2017-05-06,Summer,0
2017-05-06,Winter,0
2017-05-07,Autumn,0
2017-05-07,Spring,136
2017-05-07,Summer,0
2017-05-07,Winter,0
2017-05-08,Autumn,0
2017-05-08,Spring,221
2017-05-08,Summer,0
2017-05-08,Winter,0
2017-05-09,Autumn,0
2017-05-09,Spring,220
2017-05-09,Summer,0
2017-05-09,Winter,0
2017-05-10,Autumn,0
2017-05-10,Spring,158
2017-05-10,Summer,0
2017-05-10,Winter,0
2017-05-11,Autumn,0
2017-05-11,Spring,204
2017-05-11,Summer,0
2017-05-11,Winter,0
2017-05-12,Autumn,0
2017-05-12,Spring,151
2017-05-12,Summer,0
2017-05-12,Winter,0
2017-05-13,Autumn,0
2017-05-13,Spring,183
2017-05-13,Summer,0
2017-05-13,Winter,0
2017-05-14,Autumn,0
2017-05-14,Spring,165
2017-05-14,Summer,0
2017-05-14,Winter,0
2017-05-15,Autumn,0
2017-05-15,Spring,320
2017-05-15,Summer,0
2017-05-15,Winter,0
2017-05-16,Autumn,0
2017-05-16,Spring,138
2017-05-16,Summer,0
2017-05-16,Winter,0
2017-05-17,Autumn,0
2017-05-17,Spring,157
2017-05-17,Summer,0
2017-05-17,Winter,0
2017-05-18,Autumn,0
2017-05-18,Spring,180
2017-05-18,Summer,0
2017-05-18,Winter,0
2017-05-19,Autumn,0
2017-05-19,Spring,316
2017-05-19,Summer,0
2017-05-19,Winter,0
2017-05-20,Autumn,0
2017-05-20,Spring,246
2017-05-20,Summer,0
2017-05-20,Winter,0
2017-05-21,Autumn,0
2017-05-21,Spring,156
2017-05-21,Summer,0
2017-05-21,Winter,0
2017-05-22,Autumn,0
2017-05-22,Spring,199
2017-05-22,Summer,0
2017-05-22,Winter,0
2017-05-23,Autumn,0
2017-05-23,Spring,160
2017-05-23,Summer,0
2017-05-23,Winter,0
2017-05-24,Autumn,0
2017-05-24,Spring,266
2017-05-24,Summer,0
2017-05-24,Winter,0
2017-05-25,Autumn,0
2017-05-25,Spring,307
2017-05-25,Summer,0
2017-05-25,Winter,0
2017-05-26,Autumn,0
2017-05-26,Spring,181
2017-05-26,Summer,0
2017-05-26,Winter,0
2017-05-27,Autumn,0
2017-05-27,Spring,133
2017-05-27,Summer,0
2017-05-27,Winter,0
2017-05-28,Autumn,0
2017-05-28,Spring,227
2017-05-28,Summer,0
2017-05-28,Winter,0
2017-05-29,Autumn,0
2017-05-29,Spring,145
2017-05-29,Summer,0
2017-05-29,Winter,0
2017-05-30,Autumn,0
2017-05-30,Spring,238
2017-05-30,Summer,0
2017-05-30,Winter,0
2017-05-31,Autumn,0
2017-05-31,Spring,171
2017-05-31,Summer,0
2017-05-31,Winter,0
2017-06-01,Autumn,0
2017-06-01,Spring,0
2017-06-01,Summer,228
2017-06-01,Winter,0
2017-06-02,Autumn,0
2017-06-02,Spring,0
2017-06-02,Summer,254
2017-06-02,Winter,0
2017-06-03,Autumn,0
2017-06-03,Spring,0
2017-06-03,Summer,223
2017-06-03,Winter,0
2017-06-04,Autumn,0
2017-06-04,Spring,0
2017-06-04,Summer,146
2017-06-04,Winter,0
2017-06-05,Autumn,0
2017-06-05,Spring,0
2017-06-05,Summer,174
2017-06-05,Winter,0
2017-06-06,Autumn,0
2017-06-06,Spring,0
2017-06-06,Summer,138
2017-06-06,Winter,0
2017-06-07,Autumn,0
2017-06-07,Spring,0
2017-06-07,Summer,148
2017-06-07,Winter,0
2017-06-08,Autumn,0
2017-06-08,Spring,0
2017-06-08,Summer,337
2017-06-08,Winter,0
2017-06-09,Autumn,0
2017-06-09,Spring,0
2017-06-09,Summer,223
2017-06-09,Winter,0
2017-06-10,Autumn,0
2017-06-10,Spring,0
2017-06-10,Summer,138
2017-06-10,Winter,0
2017-06-11,Autumn,0
2017-06-11,Spring,0
2017-06-11,Summer,216
2017-06-11,Winter,0
2017-06-12,Autumn,0
2017-06-12,Spring,0
2017-06-12,Summer,180
2017-06-12,Winter,0
2017-06-13,Autumn,0
2017-06-13,Spring,0
2017-06-13,Summer,120
2017-06-13,Winter,0
2017-06-14,Autumn,0
2017-06-14,Spring,0
2017-06-14,Summer,159
2017-06-14,Winter,0
2017-06-15,Autumn,0
2017-06-15,Spring,0
2017-06-15,Summer,197
2017-06-15,Winter,0
2017-06-16,Autumn,0
2017-06-16,Spring,0
2017-06-16,Summer,184
2017-06-16,Winter,0
2017-06-17,Autumn,0
2017-06-17,Spring,0
2017-06-17,Summer,239
2017-06-17,Winter,0
2017-06-18,Autumn,0
2017-06-18,Spring,0
2017-06-18,Summer,150
2017-06-18,Winter,0
2017-06-19,Autumn,0
2017-06-19,Spring,0
2017-06-19,Summer,186
2017-06-19,Winter,0
2017-06-20,Autumn,0
2017-06-20,Spring,0
2017-06-20,Summer,168
2017-06-20,Winter,0
2017-06-21,Autumn,0
2017-06-21,Spring,0
2017-06-21,Summer,162
2017-06-21,Winter,0
2017-06-22,Autumn,0
2017-06-22,Spring,0
2017-06-22,Summer,166
2017-06-22,Winter,0
2017-06-23,Autumn,0
2017-06-23,Spring,0
2017-06-23,Summer,196
2017-06-23,Winter,0
2017-06-24,Autumn,0
2017-06-24,Spring,0
2017-06-24,Summer,167
2017-06-24,Winter,0
2017-06-25,Autumn,0
2017-06-25,Spring,0
2017-06-25,Summer,181
2017-06-25,Winter,0
2017-06-26,Autumn,0
2017-06-26,Spring,0
2017-06-26,Summer,187
2017-06-26,Winter,0
2017-06-27,Autumn,0
2017-06-27,Spring,0
2017-06-27,Summer,202
2017-06-27,Winter,0
2017-06-28,Autumn,0
2017-06-28,Spring,0
2017-06-28,Summer,224
2017-06-28,Winter,0
2017-06-29,Autumn,0
2017-06-29,Spring,0
2017-06-29,Summer,161
2017-06-29,Winter,0
2017-06-30,Autumn,0
2017-06-30,Spring,0
2017-06-30,Summer,193
2017-06-30,Winter,0
2017-07-01,Autumn,0
2017-07-01,Spring,0
2017-07-01,Summer,184
2017-07-01,Winter,0
2017-07-02,Autumn,0
2017-07-02,Spring,0
2017-07-02,Summer,146
2017-07-02,Winter,0
2017-07-03,Autumn,0
2017-07-03,Spring,0
2017-07-03,Summer,174
2017-07-03,Winter,0
2017-07-04,Autumn,0
2017-07-04,Spring,0
2017-07-04,Summer,196
2017-07-04,Winter,0
2017-07-05,Autumn,0
2017-07-05,Spring,0
2017-07-05,Summer,138
2017-07-05,Winter,0
2017-07-06,Autumn,0
2017-07-06,Spring,0
2017-07-06,Summer,199
2017-07-06,Winter,0
2017-07-07,Autumn,0
2017-07-07,Spring,0
2017-07-07,Summer,185
2017-07-07,Winter,0
2017-07-08,Autumn,0
2017-07-08,Spring,0
2017-07-08,Summer,141
2017-07-08,Winter,0
2017-07-09,Autumn,0
2017-07-09,Spring,0
2017-07-09,Summer,211
2017-07-09,Winter,0
2017-07-10,Autumn,0
2017-07-10,Spring,0
2017-07-10,Summer,186
2017-07-10,Winter,0
2017-07-11,Autumn,0
2017-07-11,Spring,0
2017-07-11,Summer,181
2017-07-11,Winter,0
2017-07-12,Autumn,0
2017-07-12,Spring,0
2017-07-12,Summer,182
2017-07-12,Winter,0
2017-07-13,Autumn,0
2017-07-13,Spring,0
2017-07-13,Summer,202
2017-07-13,Winter,0
2017-07-14,Autumn,0
2017-07-14,Spring,0
2017-07-14,Summer,127
2017-07-14,Winter,0
2017-07-15,Autumn,0
2017-07-15,Spring,0
2017-07-15,Summer,265
2017-07-15,Winter,0
2017-07-16,Autumn,0
2017-07-16,Spring,0
2017-07-16,Summer,153
2017-07-16,Winter,0
2017-07-17,Autumn,0
2017-07-17,Spring,0
2017-07-17,Summer,194
2017-07-17,Winter,0
2017-07-18,Autumn,0
2017-07-18,Spring,0
2017-07-18,Summer,150
2017-07-18,Winter,0
2017-07-19,Autumn,0
2017-07-19,Spring,0
2017-07-19,Summer,97
2017-07-19,Winter,0
2017-07-20,Autumn,0
2017-07-20,Spring,0
2017-07-20,Summer,132
2017-07-20,Winter,0
2017-07-21,Autumn,0
2017-07-21,Spring,0
2017-07-21,Summer,139
2017-07-21,Winter,0
2017-07-22,Autumn,0
2017-07-22,Spring,0
2017-07-22,Summer,204
2017-07-22,Winter,0
2017-07-23,Autumn,0
2017-07-23,Spring,0
2017-07-23,Summer,161
2017-07-23,Winter,0
2017-07-24,Autumn,0
2017-07-24,Spring,0
2017-07-24,Summer,212
2017-07-24,Winter,0
2017-07-25,Autumn,0
2017-07-25,Spring,0
2017-07-25,Summer,141
2017-07-25,Winter,0
2017-07-26,Autumn,0
2017-07-26,Spring,0
2017-07-26,Summer,161
2017-07-26,Winter,0
2017-07-27,Autumn,0
2017-07-27,Spring,0
2017-07-27,Summer,157
2017-07-27,Winter,0
2017-07-28,Autumn,0
2017-07-28,Spring,0
2017-07-28,Summer,169
2017-07-28,Winter,0
2017-07-29,Autumn,0
2017-07-29,Spring,0
2017-07-29,Summer,210
2017-07-29,Winter,0
2017-07-30,Autumn,0
2017-07-30,Spring,0
2017-07-30,Summer,134
2017-07-30,Winter,0
2017-07-31,Autumn,0
2017-07-31,Spring,0
2017-07-31,Summer,182
2017-07-31,Winter,0
2017-08-01,Autumn,0
2017-08-01,Spring,0
2017-08-01,Summer,178
2017-08-01,Winter,0
2017-08-02,Autumn,0
2017-08-02,Spring,0
2017-08-02,Summer,150
2017-08-02,Winter,0
2017-08-03,Autumn,0
2017-08-03,Spring,0
2017-08-03,Summer,176
2017-08-03,Winter,0
2017-08-04,Autumn,0
2017-08-04,Spring,0
2017-08-04,Summer,163
2017-08-04,Winter,0
2017-08-05,Autumn,0
2017-08-05,Spring,0
2017-08-05,Summer,149
2017-08-05,Winter,0
2017-08-06,Autumn,0
2017-08-06,Spring,0
2017-08-06,Summer,148
2017-08-06,Winter,0
2017-08-07,Autumn,0
2017-08-07,Spring,0
2017-08-07,Summer,202
2017-08-07,Winter,0
2017-08-08,Autumn,0
2017-08-08,Spring,0
2017-08-08,Summer,139
2017-08-08,Winter,0
2017-08-09,Autumn,0
2017-08-09,Spring,0
2017-08-09,Summer,144
2017-08-09,Winter,0
2017-08-10,Autumn,0
2017-08-10,Spring,0
2017-08-10,Summer,147
2017-08-10,Winter,0
2017-08-11,Autumn,0
2017-08-11,Spring,0
2017-08-11,Summer,128
2017-08-11,Winter,0
2017-08-12,Autumn,0
2017-08-12,Spring,0
2017-08-12,Summer,186
2017-08-12,Winter,0
2017-08-13,Autumn,0
2017-08-13,Spring,0
2017-08-13,Summer,145
2017-08-13,Winter,0
2017-08-14,Autumn,0
2017-08-14,Spring,0
2017-08-14,Summer,165
2017-08-14,Winter,0
2017-08-15,Autumn,0
2017-08-15,Spring,0
2017-08-15,Summer,160
2017-08-15,Winter,0
2017-08-16,Autumn,0
2017-08-16,Spring,0
2017-08-16,Summer,191
2017-08-16,Winter,0
2017-08-17,Autumn,0
2017-08-17,Spring,0
2017-08-17,Summer,197
2017-08-17,Winter,0
2017-08-18,Autumn,0
2017-08-18,Spring,0
2017-08-18,Summer,181
2017-08-18,Winter,0
2017-08-19,Autumn,0
2017-08-19,Spring,0
2017-08-19,Summer,188
2017-08-19,Winter,0
2017-08-20,Autumn,0
2017-08-20,Spring,0
2017-08-20,Summer,159
2017-08-20,Winter,0
2017-08-21,Autumn,0
2017-08-21,Spring,0
2017-08-21,Summer,159
2017-08-21,Winter,0
2017-08-22,Autumn,0
2017-08-22,Spring,0
2017-08-22,Summer,98
2017-08-22,Winter,0
2017-08-23,Autumn,0
2017-08-23,Spring,0
2017-08-23,Summer,126
2017-08-23,Winter,0
2017-08-24,Autumn,0
2017-08-24,Spring,0
2017-08-24,Summer,156
2017-08-24,Winter,0
2017-08-25,Autumn,0
2017-08-25,Spring,0
2017-08-25,Summer,191
2017-08-25,Winter,0
2017-08-26,Autumn,0
2017-08-26,Spring,0
2017-08-26,Summer,166
2017-08-26,Winter,0
2017-08-27,Autumn,0
2017-08-27,Spring,0
2017-08-27,Summer,174
2017-08-27,Winter,0
2017-08-28,Autumn,0
2017-08-28,Spring,0
2017-08-28,Summer,211
2017-08-28,Winter,0
2017-08-29,Autumn,0
2017-08-29,Spring,0
2017-08-29,Summer,125
2017-08-29,Winter,0
2017-08-30,Autumn,0
2017-08-30,Spring,0
2017-08-30,Summer,89
2017-08-30,Winter,0
2017-08-31,Autumn,0
2017-08-31,Spring,0
2017-08-31,Summer,134
2017-08-31,Winter,0
